{
	"products": [
		{
			"id": 16457488,
			"name": "Honda PCX",
			"thumbnail": "https://yousoro.moe/hsprac/pcx.jpg",
			"date": "2022. 10. 07",
			"price": "2,200,000",
			"contents": "제작년식 - 2016년식\n적산거리 -  35,500km\n\n제작사 모델- 혼다 PCX\n\n금액 - 2,200,000만원\n서류 O\n하자 없음"
		},
		{
			"id": 285665,
			"name": "Daerim Citi",
			"thumbnail": "https://yousoro.moe/hsprac/citi.jpg",
			"date": "2022. 10. 11",
			"price": "800,000",
			"contents": "제작년식 - 2014년식\n적산거리 -  11,182km\n\n제작사 모델- 대림 시티 "
		},
		{
			"id": 9876543,
			"name": "Daerim VJF-1125",
			"thumbnail": "https://yousoro.moe/hsprac/vjf.jpg",
			"date": "2022. 10. 18",
			"price": "2,250,000",
			"contents": "전체적으로 상태양호한 펄아이입니다.\n소모품갈것 없구\n옵션으로 머플러 경보기 되어있습니다.\n좌우 제자리쿵있으나 표시는 잘안납니다.\n순정머플러도 드립니다.\n\n직접보시구 결정하세욤~~"
		},
		{
			"id": 47575,
			"name": "Honda Vision 110",
			"thumbnail": "https://yousoro.moe/hsprac/vision110.jpg",
			"date": "2022. 10. 21",
			"price": "2,500,000",
			"contents": "22년식, 22년5월에 구입한 신차\n140km 주행\n윈드스크린\n자석거치대\n컵 홀더\n지다이\nled램프\n배달박스\n박스 거치대 포함.\n넘어진적 없고 기스 없음. 신차임\n투잡하려 했으나 사용 못함."
		},
		{
			"id": 5564784,
			"name": "타우러스 GT 준기함급",
			"thumbnail": "https://yousoro.moe/hsprac/tgt.jpg",
			"date": "2022. 10. 29",
			"price": "1,300,000",
			"contents": "5월경 광주광산구 장덕동 탑퀵보드에서 구입\n아이들 태워주려고 구입했으나 타지않아서 판매합니다 준기함급입니다\n자세한 내용은 인터넷 검색 \"이지베이션 타우러스\" 검색하시면 스펙 확인가능하구요 실사원하시면 \n구매의사 있는분께만 공개하겠습니다\n하자 1도없는 중고입니다"
		},
		{
			"id": 634534,
			"name": "AIMA 전동스쿠터",
			"thumbnail": "https://yousoro.moe/hsprac/aima.jpg",
			"date": "2022. 10. 31",
			"price": "990,000",
			"contents": "aima 의 전기스쿠터, 전기자전거 입니다.\n\n색상은 흰색/빨간색 있습니다 \n품질보증 구입후 2년\n리튬밧데리\n도난방지시스템\n1회 충전시 40km 주행가능합니다 ^^ "
		},
		{
			"id": 9087,
			"name": "유로휠 프리웨이롱 전동스쿠터",
			"thumbnail": "https://yousoro.moe/hsprac/eurowheel.jpg",
			"date": "2022. 11. 4",
			"price": "730,000",
			"contents": "유로휠 프리웨이롱 700w 48V 팝니다~~\n본체, 무선시동키 2셋트\n배터리 2개 48V 31.5A ,12A\n충전기, 헐멧, 배달가방, 거치대 있습니다\n얼마 주행 안한 상태 최상입니다.\n300키로 미만 주행~ 최고속도 35Km/h 이상.\n31.5A 배터리 사용시 25Km/h로 100키로미터 이상 주행 가능합니다. 기본 옵션으로 무선시동 도난방지락 경보음 방향등 미등 전조등 다있어요 오토바이급 입니다 대리점 A/S가능 합니다\n무전동시 저속이지만 페달로 주행 가능합니다\n인터넷 구매시 추가배터리 없이 1,048,000원 입니다. 구매 하셔서 추가 물품 구매없이 바로 타시면 됩니다\n야탑역 거래합니다.\n구매 후 서울까지 충분히 타고가실수 있습니다"
		},
		{
			"id": 844,
			"name": "타우러스es",
			"thumbnail": "https://yousoro.moe/hsprac/tes.jpg",
			"date": "2022. 11. 8",
			"price": "1,300,000",
			"contents": "타우러스 ES 전기스쿠터 48V 20Ah 전동오토바이 배달용 출퇴근용 스쿠터 14인치 배터리 2팩 충전기 산지 한달도 안됐습니다 후진 기능도 있고 보험도 가입해도 되고 안해도 됩니다 1단 30 2단 35 3단 45~50정도 나갑니다 1회 충전으로 58km까지 주행가능합니다 자세한건 채팅 주세요 네고 안됩니다"
		}
	]
}